"","baseMean","log2FoldChange","lfcSE","stat","pvalue","padj","gene_name"
"ENSBTAG00000001176",1231.56820820448,21.6202391852749,3.6429360686782,5.93483903578895,2.94133924897851e-09,1.95128445777234e-05,"LRRN1"
"ENSBTAG00000004720",614.874476375459,-1.39213908557152,0.249841596307965,-5.57208689883453,2.51705807288252e-08,0.000111321088370018,"SULF1"
"ENSBTAG00000006030",609.520964791637,16.7566509348576,2.76506543874158,6.06012816191568,1.36013130439709e-09,1.80462221467406e-05,"MYOG"
"ENSBTAG00000017752",18.8560973373031,4.49243042173136,0.930696052150761,4.82695764245451,1.38634592968033e-06,0.00459850944874965,"DYNLRB2"
